date,INDEX_US,INDEX_TECH,INDEX_EU
2025-01-01,5000.0,17000.0,4900.0
2025-01-02,5016.52,17085.8,4860.84
2025-01-03,4965.34,17505.34,4779.37
2025-01-06,5004.17,17272.75,4622.0
2025-01-07,5052.98,17219.32,4594.22
2025-01-08,4955.71,17411.06,4722.69
2025-01-09,4892.21,17521.55,4746.67
2025-01-10,4899.63,17435.69,4717.28
2025-01-13,4885.14,17408.62,4742.86
2025-01-14,4885.42,17085.19,4660.28
2025-01-15,4844.7,17034.01,4645.22
2025-01-16,4888.94,16976.35,4651.08
2025-01-17,4928.54,17036.18,4647.17
2025-01-20,4932.94,16910.66,4689.65
2025-01-21,4990.44,17026.65,4708.65
2025-01-22,5015.14,17272.5,4745.1
2025-01-23,4973.03,17314.95,4708.84
2025-01-24,4992.68,17404.8,4757.66
2025-01-27,4945.78,17422.87,4847.0
2025-01-28,4990.9,17428.13,4794.62
2025-01-29,4989.52,17259.91,4747.24
2025-01-30,4981.36,17340.99,4820.34
2025-01-31,4948.41,17322.84,4810.53
2025-02-03,5010.9,17838.08,4888.38
2025-02-04,5004.24,18236.78,4864.56
2025-02-05,4983.81,18340.08,4946.15
2025-02-06,4967.28,18152.62,4954.19
2025-02-07,4995.14,17880.29,4969.39
2025-02-10,5014.71,18183.37,5059.02
2025-02-11,5036.76,18255.19,5038.99
2025-02-12,5059.82,18382.6,4986.17
2025-02-13,5171.4,17948.88,4961.54
2025-02-14,5151.43,18186.53,4987.72
2025-02-17,5126.07,18306.93,4900.6
2025-02-18,5085.35,18032.79,4936.82
2025-02-19,5118.18,17920.72,4907.41
2025-02-20,5177.93,17991.75,4972.36
2025-02-21,5173.16,18010.25,4839.84
2025-02-24,5130.7,17942.87,4797.51
2025-02-25,5089.4,17922.54,4707.27
2025-02-26,5124.05,17865.44,4664.0
2025-02-27,5163.75,17908.64,4677.74
2025-02-28,5193.27,18283.1,4668.87
2025-03-03,5159.73,17649.5,4656.1
2025-03-04,5172.99,17596.95,4648.33
2025-03-05,5180.25,17645.36,4659.69
2025-03-06,5192.86,17723.22,4607.32
2025-03-07,5239.86,17637.41,4645.02
2025-03-10,5252.87,17218.37,4680.68
2025-03-11,5290.14,17302.02,4701.79
2025-03-12,5294.95,17726.54,4732.19
2025-03-13,5311.61,17358.92,4748.76
2025-03-14,5346.72,17573.27,4860.27
2025-03-17,5269.97,17498.7,4856.12
2025-03-18,5254.21,17489.09,4839.89
2025-03-19,5230.54,17240.94,4799.36
2025-03-20,5198.15,17166.37,4744.14
2025-03-21,5184.93,17483.72,4678.3
2025-03-24,5264.84,17630.77,4632.01
2025-03-25,5220.28,18064.59,4628.92
2025-03-26,5272.68,18367.3,4647.12
2025-03-27,5185.17,18484.97,4650.44
2025-03-28,5168.87,18942.87,4610.86
2025-03-31,5178.53,19064.2,4658.79
2025-04-01,5210.41,19290.02,4698.65
2025-04-02,5249.08,19216.68,4690.78
2025-04-03,5292.42,19240.19,4656.81
2025-04-04,5275.05,19060.86,4686.48
2025-04-07,5251.72,19329.88,4697.11
2025-04-08,5298.53,19022.51,4621.23
2025-04-09,5289.53,19235.67,4618.29
2025-04-10,5223.14,19190.68,4632.66
2025-04-11,5164.99,19510.6,4586.25
2025-04-14,5118.51,19720.62,4596.75
2025-04-15,5145.39,20230.62,4522.15
2025-04-16,5153.95,20442.69,4591.8
2025-04-17,5191.12,20008.15,4657.87
2025-04-18,5169.99,19995.61,4645.17
2025-04-21,5179.43,19679.37,4664.98
2025-04-22,5213.37,19544.41,4539.84
2025-04-23,5198.32,19964.06,4481.3
2025-04-24,5223.5,20147.29,4467.0
2025-04-25,5189.94,19959.08,4413.62
2025-04-28,5172.16,19686.56,4450.11
2025-04-29,5153.47,19701.43,4552.65
2025-04-30,5092.88,19377.88,4492.92
2025-05-01,5119.1,19204.26,4451.05
2025-05-02,5096.1,19293.28,4463.55
2025-05-05,5097.89,19610.57,4546.45
2025-05-06,5123.82,19782.67,4484.47
2025-05-07,5148.1,19170.12,4497.76
2025-05-08,5183.92,19256.94,4592.23
2025-05-09,5179.95,19281.97,4507.62
2025-05-12,5159.07,19398.73,4443.21
2025-05-13,5156.1,19844.1,4422.52
2025-05-14,5070.3,19290.52,4397.08
2025-05-15,4998.02,19138.9,4438.37
2025-05-16,4932.95,19302.08,4451.15
2025-05-19,4884.72,18889.28,4363.05
2025-05-20,4905.56,19285.43,4389.21
2025-05-21,4862.09,19389.97,4361.14
2025-05-22,4844.7,19624.7,4425.22
2025-05-23,4909.67,19475.89,4394.43
2025-05-26,4893.18,19702.71,4363.4
2025-05-27,4930.81,20002.64,4390.85
2025-05-28,4885.74,20073.34,4429.59
2025-05-29,4876.74,20144.71,4452.75
2025-05-30,4831.36,20226.41,4369.04
2025-06-02,4815.97,19991.86,4396.37
2025-06-03,4858.04,19957.03,4345.69
2025-06-04,4775.28,19920.88,4357.88
2025-06-05,4797.32,20033.03,4288.67
2025-06-06,4809.92,20318.66,4311.01
2025-06-09,4782.29,20028.79,4272.33
2025-06-10,4714.16,20000.13,4211.21
2025-06-11,4718.66,20421.14,4246.01
2025-06-12,4694.61,20217.86,4258.23
2025-06-13,4706.7,19994.79,4229.25
2025-06-16,4708.81,20056.96,4300.0
2025-06-17,4786.53,20299.15,4279.14
2025-06-18,4776.08,20308.48,4281.27
2025-06-19,4728.14,20692.2,4294.92
2025-06-20,4737.77,20945.66,4265.42
2025-06-23,4749.36,21197.83,4288.84
2025-06-24,4815.96,21367.67,4263.55
2025-06-25,4857.78,22074.83,4244.27
2025-06-26,4876.39,22018.78,4310.93
2025-06-27,4949.96,21422.25,4260.94
2025-06-30,4892.12,21910.45,4146.5
2025-07-01,4861.78,21778.46,4223.51
2025-07-02,4817.68,21817.61,4347.96
2025-07-03,4799.88,22223.87,4328.6
2025-07-04,4734.81,21742.36,4235.15
2025-07-07,4766.3,21374.89,4220.83
2025-07-08,4756.72,20912.06,4207.72
2025-07-09,4687.79,20689.4,4199.23
2025-07-10,4641.1,20822.1,4147.1
2025-07-11,4656.84,20980.22,4175.01
2025-07-14,4697.42,21067.04,4200.47
2025-07-15,4794.0,20664.79,4130.45
2025-07-16,4938.0,20019.71,4163.89
2025-07-17,4959.8,20040.82,4262.51
2025-07-18,4911.69,19916.21,4271.4
2025-07-21,4808.36,20049.44,4255.67
2025-07-22,4822.45,20251.53,4249.39
2025-07-23,4784.18,20296.47,4279.71
2025-07-24,4765.27,20517.58,4197.11
2025-07-25,4737.04,20589.05,4205.5
2025-07-28,4731.4,20747.1,4187.49
2025-07-29,4783.59,20551.65,4276.72
2025-07-30,4792.26,20506.72,4268.86
2025-07-31,4785.69,20568.91,4350.94
2025-08-01,4737.07,20810.4,4297.41
2025-08-04,4658.84,20703.38,4326.7
2025-08-05,4637.11,20859.73,4342.98
2025-08-06,4635.65,20789.27,4300.97
2025-08-07,4720.06,20761.68,4310.21
2025-08-08,4727.34,21008.05,4370.46
2025-08-11,4775.48,20441.87,4355.03
2025-08-12,4752.59,20083.9,4272.85
2025-08-13,4697.23,19681.48,4272.57
2025-08-14,4652.82,19060.88,4229.64
2025-08-15,4619.98,18888.23,4213.82
2025-08-18,4721.23,19091.17,4210.49
2025-08-19,4683.37,19021.67,4130.39
2025-08-20,4724.19,19079.62,4055.96
2025-08-21,4682.45,19375.64,4078.73
2025-08-22,4727.7,19741.39,4055.17
2025-08-25,4747.16,19728.42,3939.47
2025-08-26,4740.74,20108.04,3975.22
2025-08-27,4739.87,20139.79,3988.05
2025-08-28,4709.76,19913.4,3956.43
2025-08-29,4732.06,19755.98,3898.32
2025-09-01,4711.48,19360.57,3935.96
2025-09-02,4654.69,19129.49,3952.12
2025-09-03,4596.16,19040.53,4060.89
2025-09-04,4605.21,19259.56,4080.83
2025-09-05,4680.16,19730.31,4099.36
2025-09-08,4688.77,19361.79,4092.16
2025-09-09,4684.23,19473.34,4130.78
2025-09-10,4698.81,19200.31,4160.72
2025-09-11,4762.16,19332.86,4220.77
2025-09-12,4773.78,19303.57,4196.45
2025-09-15,4755.13,18825.59,4176.35
2025-09-16,4809.54,19075.08,4154.28
2025-09-17,4831.46,18921.5,4192.26
2025-09-18,4907.95,18787.67,4264.66
2025-09-19,4918.13,18516.76,4243.1
2025-09-22,4858.91,18355.14,4223.28
2025-09-23,4793.46,18469.86,4238.92
2025-09-24,4874.99,18427.02,4227.69
2025-09-25,4961.55,18516.72,4274.15
2025-09-26,4953.71,18615.42,4166.96
2025-09-29,4935.73,18964.98,4128.63
2025-09-30,5010.11,18880.77,4092.71
2025-10-01,4955.64,18503.83,3986.97
2025-10-02,4912.27,18785.19,3944.17
2025-10-03,4945.35,18704.71,3903.98
2025-10-06,4926.84,19001.6,3895.61
2025-10-07,4927.7,19108.57,3945.61
2025-10-08,4920.71,19079.61,3935.19
2025-10-09,4938.6,19177.83,3889.99
2025-10-10,5010.29,19709.37,3888.0
2025-10-13,5016.01,20291.03,3935.06
2025-10-14,5049.81,20316.66,3892.27
2025-10-15,4947.66,20367.94,3852.81
2025-10-16,4946.35,20680.23,3877.81
2025-10-17,4905.61,20445.43,3868.6
2025-10-20,4846.81,20546.2,3897.62
2025-10-21,4805.19,20545.02,3897.54
2025-10-22,4790.13,20640.8,3929.2
2025-10-23,4835.65,20409.92,3883.88
2025-10-24,4772.51,19971.22,3883.87
2025-10-27,4775.07,19411.48,3875.12
2025-10-28,4752.9,19118.94,3822.57
2025-10-29,4738.31,19003.51,3755.91
2025-10-30,4787.53,18932.15,3785.73
2025-10-31,4814.66,19453.16,3771.2
2025-11-03,4881.1,19759.57,3728.24
2025-11-04,4874.62,19503.73,3724.68
2025-11-05,4841.64,19603.83,3773.13
2025-11-06,4831.83,19499.41,3677.3
2025-11-07,4844.75,19428.56,3615.9
2025-11-10,4854.48,19484.39,3578.74
2025-11-11,4802.8,19658.21,3639.02
2025-11-12,4808.28,19571.89,3651.19
2025-11-13,4820.44,19868.56,3683.59
2025-11-14,4945.44,19562.48,3636.76
2025-11-17,5041.03,19570.09,3591.37
2025-11-18,4999.0,20293.56,3610.13
2025-11-19,4985.67,20362.52,3613.0
2025-11-20,4913.79,20777.26,3636.04
2025-11-21,4885.73,20809.89,3628.8
2025-11-24,4902.41,20984.37,3640.75
2025-11-25,4963.48,20974.17,3647.77
2025-11-26,4928.26,20930.99,3680.58
2025-11-27,4896.98,20712.33,3714.91
2025-11-28,4793.23,20842.48,3647.79
2025-12-01,4786.46,20604.16,3556.49
2025-12-02,4736.55,20801.35,3597.6
2025-12-03,4712.42,21122.93,3646.87
2025-12-04,4672.01,21236.89,3605.39
2025-12-05,4668.63,21159.17,3530.63
2025-12-08,4587.69,21299.12,3535.07
2025-12-09,4521.38,21214.58,3573.06
2025-12-10,4620.51,21497.89,3647.12
2025-12-11,4561.98,20965.43,3669.03
2025-12-12,4512.85,20874.42,3654.08
2025-12-15,4598.23,20312.48,3617.75
2025-12-16,4735.93,19901.92,3618.71
2025-12-17,4681.4,20287.78,3606.93
2025-12-18,4665.11,20547.22,3566.13
