date,EURUSD,GBPUSD,USDJPY,EURGBP
2025-01-01,1.1,1.28,150.0,0.85938
2025-01-02,1.10266,1.27611,148.477,0.86408
2025-01-03,1.09116,1.28712,147.976,0.84775
2025-01-06,1.08738,1.2885,148.804,0.84391
2025-01-07,1.08803,1.29372,148.294,0.841
2025-01-08,1.08708,1.29452,147.644,0.83976
2025-01-09,1.08936,1.29068,145.957,0.84402
2025-01-10,1.09315,1.29073,147.574,0.84692
2025-01-13,1.09608,1.30009,148.341,0.84308
2025-01-14,1.09503,1.30372,149.059,0.83993
2025-01-15,1.08614,1.2925,149.968,0.84034
2025-01-16,1.08395,1.29109,150.51,0.83957
2025-01-17,1.08593,1.30272,150.276,0.83359
2025-01-20,1.08071,1.3013,150.118,0.83049
2025-01-21,1.08372,1.28953,149.711,0.8404
2025-01-22,1.08806,1.30187,152.214,0.83576
2025-01-23,1.08865,1.30634,152.745,0.83336
2025-01-24,1.07403,1.30586,152.296,0.82247
2025-01-27,1.06799,1.30341,152.74,0.81938
2025-01-28,1.0769,1.31052,151.768,0.82173
2025-01-29,1.07429,1.30693,153.21,0.822
2025-01-30,1.06493,1.3145,152.57,0.81014
2025-01-31,1.07073,1.31808,153.05,0.81234
2025-02-03,1.07078,1.31968,154.078,0.81139
2025-02-04,1.076,1.32064,154.449,0.81476
2025-02-05,1.07731,1.31946,154.537,0.81648
2025-02-06,1.07948,1.32641,154.545,0.81383
2025-02-07,1.0812,1.32062,154.487,0.8187
2025-02-10,1.08452,1.30985,153.924,0.82797
2025-02-11,1.09545,1.3139,153.485,0.83374
2025-02-12,1.10014,1.31807,154.92,0.83466
2025-02-13,1.09249,1.32125,154.811,0.82686
2025-02-14,1.09464,1.32395,154.043,0.8268
2025-02-17,1.10015,1.32179,153.54,0.83231
2025-02-18,1.10599,1.32703,154.605,0.83343
2025-02-19,1.1039,1.32671,155.261,0.83206
2025-02-20,1.10957,1.32344,155.807,0.8384
2025-02-21,1.11411,1.32135,155.551,0.84316
2025-02-24,1.12681,1.33485,156.111,0.84414
2025-02-25,1.12308,1.32322,155.476,0.84875
2025-02-26,1.12056,1.32654,155.219,0.84472
2025-02-27,1.11903,1.31534,156.167,0.85076
2025-02-28,1.11661,1.31461,157.027,0.84938
2025-03-03,1.11222,1.31172,156.055,0.84791
2025-03-04,1.09875,1.29799,155.213,0.84649
2025-03-05,1.09663,1.30053,155.317,0.84322
2025-03-06,1.09841,1.29802,157.012,0.84622
2025-03-07,1.09601,1.28434,155.125,0.85336
2025-03-10,1.10539,1.28977,155.394,0.85704
2025-03-11,1.10545,1.29912,154.05,0.85092
2025-03-12,1.11175,1.30889,153.433,0.84938
2025-03-13,1.11302,1.31125,153.078,0.84882
2025-03-14,1.11707,1.31154,152.67,0.85173
2025-03-17,1.11844,1.32033,152.154,0.84709
2025-03-18,1.1252,1.33155,152.158,0.84503
2025-03-19,1.12546,1.33916,151.643,0.84042
2025-03-20,1.12792,1.33281,150.25,0.84627
2025-03-21,1.12973,1.33414,150.986,0.84678
2025-03-24,1.12828,1.33708,151.701,0.84384
2025-03-25,1.13029,1.32493,152.506,0.85309
2025-03-26,1.14147,1.32805,151.03,0.85951
2025-03-27,1.1401,1.34333,151.312,0.84871
2025-03-28,1.1422,1.34766,151.954,0.84755
2025-03-31,1.14854,1.35768,150.968,0.84596
2025-04-01,1.15432,1.35892,150.973,0.84944
2025-04-02,1.15437,1.3584,150.86,0.8498
2025-04-03,1.14229,1.36099,152.618,0.8393
2025-04-04,1.14488,1.35539,154.476,0.84469
2025-04-07,1.13372,1.34881,152.862,0.84054
2025-04-08,1.14108,1.35743,155.279,0.84062
2025-04-09,1.14192,1.36683,154.383,0.83545
2025-04-10,1.14696,1.36,155.337,0.84335
2025-04-11,1.14239,1.36663,156.287,0.83592
2025-04-14,1.13459,1.36602,155.306,0.83058
2025-04-15,1.13588,1.36834,155.787,0.83012
2025-04-16,1.1357,1.3715,155.678,0.82807
2025-04-17,1.13323,1.37838,156.219,0.82215
2025-04-18,1.13364,1.37893,156.443,0.82212
2025-04-21,1.14755,1.38875,157.624,0.82632
2025-04-22,1.15177,1.3909,157.696,0.82808
2025-04-23,1.1571,1.39526,157.526,0.82931
2025-04-24,1.16141,1.3894,158.614,0.83591
2025-04-25,1.169,1.40458,159.192,0.83228
2025-04-28,1.16801,1.40789,159.924,0.82961
2025-04-29,1.15746,1.41294,159.253,0.81919
2025-04-30,1.15649,1.40152,158.205,0.82517
2025-05-01,1.16062,1.3957,157.637,0.83157
2025-05-02,1.15566,1.40442,157.018,0.82287
2025-05-05,1.15475,1.40643,157.795,0.82105
2025-05-06,1.15122,1.39291,158.765,0.82648
2025-05-07,1.15886,1.4002,158.607,0.82764
2025-05-08,1.16268,1.39635,160.039,0.83266
2025-05-09,1.16602,1.4063,161.422,0.82914
2025-05-12,1.16921,1.40566,161.666,0.83178
2025-05-13,1.169,1.4071,160.828,0.83079
2025-05-14,1.17001,1.41546,162.429,0.82659
2025-05-15,1.1639,1.40906,162.363,0.82601
2025-05-16,1.15272,1.40201,162.489,0.82219
2025-05-19,1.15347,1.4006,162.139,0.82356
2025-05-20,1.15511,1.40643,161.229,0.82131
2025-05-21,1.16128,1.39702,159.741,0.83126
2025-05-22,1.16934,1.3853,160.376,0.8441
2025-05-23,1.17745,1.39105,159.584,0.84645
2025-05-26,1.17227,1.38681,162.686,0.8453
2025-05-27,1.17044,1.38405,161.574,0.84566
2025-05-28,1.17291,1.37115,160.296,0.85542
2025-05-29,1.18607,1.36644,160.808,0.86799
2025-05-30,1.19382,1.36638,162.362,0.87371
2025-06-02,1.19972,1.37278,162.425,0.87393
2025-06-03,1.19765,1.36744,163.008,0.87584
2025-06-04,1.19299,1.37889,161.123,0.86518
2025-06-05,1.19713,1.37412,160.433,0.8712
2025-06-06,1.19133,1.36938,159.349,0.86997
2025-06-09,1.19006,1.38002,157.455,0.86235
2025-06-10,1.18945,1.38147,157.568,0.861
2025-06-11,1.19782,1.37761,155.354,0.86949
2025-06-12,1.19594,1.37652,154.062,0.86881
2025-06-13,1.18313,1.38592,153.539,0.85368
2025-06-16,1.18575,1.39618,152.734,0.84928
2025-06-17,1.18209,1.39043,153.113,0.85016
2025-06-18,1.1823,1.39011,153.405,0.85051
2025-06-19,1.18184,1.39073,154.268,0.8498
2025-06-20,1.1804,1.38382,154.998,0.85301
2025-06-23,1.18451,1.38341,156.113,0.85623
2025-06-24,1.17652,1.38343,156.108,0.85044
2025-06-25,1.17383,1.39138,156.403,0.84364
2025-06-26,1.17737,1.39986,156.905,0.84106
2025-06-27,1.17417,1.39752,157.042,0.84018
2025-06-30,1.16586,1.396,156.646,0.83515
2025-07-01,1.16929,1.40066,156.315,0.83481
2025-07-02,1.17508,1.39652,155.509,0.84144
2025-07-03,1.17484,1.40065,155.92,0.83878
2025-07-04,1.16471,1.40001,155.824,0.83193
2025-07-07,1.16833,1.39317,155.172,0.83862
2025-07-08,1.1598,1.38645,154.523,0.83653
2025-07-09,1.16137,1.39658,153.346,0.83158
2025-07-10,1.15682,1.39546,154.291,0.82899
2025-07-11,1.15091,1.40703,154.365,0.81797
2025-07-14,1.14866,1.40337,153.525,0.8185
2025-07-15,1.14772,1.40542,154.306,0.81664
2025-07-16,1.14445,1.42245,153.759,0.80457
2025-07-17,1.14742,1.41487,152.4,0.81097
2025-07-18,1.14515,1.40138,153.38,0.81716
2025-07-21,1.1501,1.41048,152.859,0.8154
2025-07-22,1.15152,1.4046,152.463,0.81982
2025-07-23,1.14797,1.40443,152.499,0.81739
2025-07-24,1.14358,1.40028,153.598,0.81668
2025-07-25,1.13529,1.40215,153.614,0.80968
2025-07-28,1.13674,1.39543,152.455,0.81461
2025-07-29,1.13495,1.39415,152.975,0.81408
2025-07-30,1.12313,1.3973,152.506,0.80379
2025-07-31,1.12047,1.3902,154.327,0.80598
2025-08-01,1.11602,1.38528,154.323,0.80562
2025-08-04,1.12379,1.38284,152.162,0.81266
2025-08-05,1.11537,1.3729,152.502,0.81242
2025-08-06,1.10829,1.36997,154.379,0.80899
2025-08-07,1.11372,1.37077,155.916,0.81248
2025-08-08,1.12039,1.36799,157.722,0.819
2025-08-11,1.11671,1.36611,156.709,0.81744
2025-08-12,1.11359,1.36595,157.609,0.81525
2025-08-13,1.11661,1.36143,156.89,0.82017
2025-08-14,1.1052,1.36616,157.109,0.80898
2025-08-15,1.09615,1.37607,155.851,0.79658
2025-08-18,1.09478,1.37283,155.217,0.79746
2025-08-19,1.10228,1.37618,154.554,0.80097
2025-08-20,1.10016,1.3745,155.428,0.80041
2025-08-21,1.10063,1.37701,156.211,0.79929
2025-08-22,1.10614,1.38791,156.48,0.79699
2025-08-25,1.11645,1.39145,155.152,0.80237
2025-08-26,1.11361,1.37905,154.844,0.80752
2025-08-27,1.11351,1.38219,154.115,0.80561
2025-08-28,1.12248,1.39079,154.959,0.80708
2025-08-29,1.11496,1.38922,156.11,0.80258
2025-09-01,1.12002,1.39619,157.149,0.8022
2025-09-02,1.11499,1.39133,156.4,0.80139
2025-09-03,1.11548,1.38093,153.721,0.80778
2025-09-04,1.11428,1.3819,152.017,0.80634
2025-09-05,1.10957,1.3697,153.381,0.81008
2025-09-08,1.10476,1.36803,152.991,0.80756
2025-09-09,1.1061,1.37691,152.266,0.80332
2025-09-10,1.11095,1.36371,153.847,0.81466
2025-09-11,1.11031,1.35492,155.075,0.81946
2025-09-12,1.11064,1.34788,155.096,0.82399
2025-09-15,1.11343,1.34743,154.806,0.82633
2025-09-16,1.10866,1.34493,154.674,0.82432
2025-09-17,1.11227,1.35443,154.893,0.82121
2025-09-18,1.11628,1.36094,156.459,0.82023
2025-09-19,1.12916,1.36433,156.873,0.82763
2025-09-22,1.12728,1.36531,157.589,0.82566
2025-09-23,1.12499,1.368,158.75,0.82236
2025-09-24,1.1288,1.36206,157.582,0.82875
2025-09-25,1.13288,1.36794,158.33,0.82817
2025-09-26,1.1302,1.36027,158.033,0.83086
2025-09-29,1.12818,1.366,155.545,0.8259
2025-09-30,1.13086,1.37417,153.471,0.82294
2025-10-01,1.12673,1.37561,152.486,0.81908
2025-10-02,1.12468,1.37437,152.995,0.81833
2025-10-03,1.12512,1.37713,153.101,0.817
2025-10-06,1.13006,1.3574,153.276,0.83252
2025-10-07,1.12704,1.35945,155.168,0.82904
2025-10-08,1.11791,1.35866,153.93,0.82281
2025-10-09,1.10849,1.35829,153.9,0.81609
2025-10-10,1.10234,1.36312,154.193,0.80869
2025-10-13,1.09596,1.36259,153.476,0.80433
2025-10-14,1.09521,1.35476,153.5,0.80841
2025-10-15,1.08947,1.35378,151.958,0.80476
2025-10-16,1.08609,1.35423,153.311,0.802
2025-10-17,1.08238,1.35499,152.651,0.79881
2025-10-20,1.08027,1.35608,154.614,0.79661
2025-10-21,1.08657,1.36319,154.579,0.79708
2025-10-22,1.08974,1.35573,155.58,0.8038
2025-10-23,1.08981,1.35691,155.525,0.80315
2025-10-24,1.08758,1.36574,155.492,0.79633
2025-10-27,1.0855,1.35384,154.918,0.80179
2025-10-28,1.08706,1.35505,155.031,0.80223
2025-10-29,1.08985,1.35104,155.339,0.80667
2025-10-30,1.08549,1.3485,154.57,0.80496
2025-10-31,1.08565,1.34235,154.445,0.80877
2025-11-03,1.07596,1.34119,153.85,0.80224
2025-11-04,1.07695,1.35367,156.092,0.79558
2025-11-05,1.08057,1.34506,156.0,0.80336
2025-11-06,1.07922,1.33714,157.523,0.80712
2025-11-07,1.08789,1.32837,157.326,0.81896
2025-11-10,1.08366,1.33997,157.58,0.80872
2025-11-11,1.08469,1.33684,156.271,0.81139
2025-11-12,1.08451,1.33665,155.828,0.81137
2025-11-13,1.08402,1.33392,156.032,0.81266
2025-11-14,1.08346,1.32757,157.595,0.81612
2025-11-17,1.08396,1.32598,157.813,0.81748
2025-11-18,1.08801,1.34249,159.191,0.81044
2025-11-19,1.09463,1.35193,159.832,0.80968
2025-11-20,1.09461,1.34611,161.476,0.81317
2025-11-21,1.09854,1.35049,161.412,0.81344
2025-11-24,1.09514,1.34483,163.858,0.81433
2025-11-25,1.09883,1.33283,163.354,0.82444
2025-11-26,1.09514,1.33967,162.564,0.81746
2025-11-27,1.1004,1.34751,161.327,0.81662
2025-11-28,1.11117,1.35462,163.71,0.82029
2025-12-01,1.11056,1.3514,164.554,0.82179
2025-12-02,1.09987,1.35024,164.205,0.81457
2025-12-03,1.0972,1.35534,165.498,0.80954
2025-12-04,1.10317,1.358,166.214,0.81235
2025-12-05,1.10585,1.35529,168.282,0.81595
2025-12-08,1.10705,1.34426,166.646,0.82354
2025-12-09,1.11198,1.34501,166.364,0.82674
2025-12-10,1.11435,1.35233,165.877,0.82402
2025-12-11,1.12033,1.34418,163.824,0.83347
2025-12-12,1.12487,1.34849,164.918,0.83417
2025-12-15,1.13244,1.35073,164.634,0.83839
2025-12-16,1.13422,1.35583,165.4,0.83655
2025-12-17,1.13874,1.36178,167.874,0.83622
2025-12-18,1.13719,1.35701,167.497,0.83801
