trade_id,trade_date,desk,instrument_type,underlying,direction,quantity,trade_price,counterparty,coupon_rate,maturity_years,spot_at_trade,maturity_date
T00001,2025-01-01,EQUITY,EQUITY_INDEX,INDEX_TECH,SELL,700,17000.0,Alpha Bank,,,,
T00002,2025-01-02,RATES,BOND,GOV_10Y,BUY,4000000,100.5926,Beta Asset Management,0.0425,10.0,,
T00003,2025-01-03,EQUITY,EQUITY_INDEX,INDEX_US,BUY,1000,4965.34,Gamma Insurance,,,,
T00004,2025-01-15,EQUITY,EQUITY_INDEX,INDEX_EU,BUY,100,4645.22,Alpha Bank,,,,
T00005,2025-01-21,FX,FX_FORWARD,GBPUSD,SELL,9000000,1.28798,Beta Asset Management,,,1.28953,2025-04-21
T00006,2025-01-21,RATES,BOND,GOV_10Y,BUY,6000000,100.6985,Beta Asset Management,0.045,10.0,,
T00007,2025-01-28,FX,FX_FORWARD,GBPUSD,SELL,7000000,1.30738,Beta Asset Management,,,1.31052,2025-07-28
T00008,2025-01-31,FX,FX_FORWARD,USDJPY,BUY,2000000,151.746,Alpha Bank,,,153.05,2025-04-30
T00009,2025-02-04,RATES,BOND,GOV_5Y,SELL,10000000,100.2156,Alpha Bank,0.0425,5.0,,
T00010,2025-02-17,FX,FX_FORWARD,GBPUSD,SELL,3000000,1.31547,Beta Asset Management,,,1.32179,2026-02-17
T00011,2025-02-18,FX,FX_FORWARD,EURUSD,SELL,3000000,1.11137,Beta Asset Management,,,1.10599,2025-05-18
T00012,2025-02-19,EQUITY,EQUITY_INDEX,INDEX_TECH,SELL,500,17920.72,Delta Pension Fund,,,,
T00013,2025-02-27,FX,FX_FORWARD,GBPUSD,SELL,8000000,1.31219,Beta Asset Management,,,1.31534,2025-08-27
T00014,2025-03-12,FX,FX_FORWARD,USDJPY,SELL,10000000,152.125,Gamma Insurance,,,153.433,2025-06-12
T00015,2025-03-20,RATES,BOND,GOV_1Y,BUY,9000000,99.8995,Beta Asset Management,0.0325,1.0,,
T00016,2025-04-01,EQUITY,EQUITY_INDEX,INDEX_EU,BUY,500,4698.65,Gamma Insurance,,,,
T00017,2025-04-04,EQUITY,EQUITY_INDEX,INDEX_TECH,BUY,300,19060.86,Delta Pension Fund,,,,
T00018,2025-04-10,EQUITY,EQUITY_INDEX,INDEX_EU,SELL,100,4632.66,Beta Asset Management,,,,
T00019,2025-04-21,FX,FX_FORWARD,USDJPY,SELL,10000000,152.319,Beta Asset Management,,,157.624,2026-04-21
T00020,2025-05-07,RATES,BOND,GOV_2Y,BUY,5000000,100.0644,Delta Pension Fund,0.0375,2.0,,
T00021,2025-05-12,RATES,BOND,GOV_30Y,BUY,10000000,100.4844,Alpha Bank,0.05,30.0,,
T00022,2025-05-13,RATES,BOND,GOV_30Y,BUY,3000000,99.0566,Alpha Bank,0.05,30.0,,
T00023,2025-05-14,RATES,BOND,GOV_5Y,SELL,4000000,99.6938,Gamma Insurance,0.0425,5.0,,
T00024,2025-05-27,FX,FX_FORWARD,USDJPY,SELL,8000000,160.197,Beta Asset Management,,,161.574,2025-08-27
T00025,2025-06-04,RATES,BOND,GOV_10Y,BUY,7000000,99.6674,Gamma Insurance,0.0425,10.0,,
T00026,2025-06-06,RATES,BOND,GOV_10Y,BUY,1000000,99.8671,Gamma Insurance,0.0425,10.0,,
T00027,2025-06-13,EQUITY,EQUITY_INDEX,INDEX_US,SELL,200,4706.7,Delta Pension Fund,,,,
T00028,2025-06-13,RATES,BOND,GOV_10Y,SELL,5000000,100.0,Beta Asset Management,0.0425,10.0,,
T00029,2025-06-30,EQUITY,EQUITY_INDEX,INDEX_EU,SELL,800,4146.5,Gamma Insurance,,,,
T00030,2025-07-08,EQUITY,EQUITY_INDEX,INDEX_US,SELL,900,4756.72,Alpha Bank,,,,
T00031,2025-07-10,EQUITY,EQUITY_INDEX,INDEX_EU,SELL,700,4147.1,Delta Pension Fund,,,,
T00032,2025-07-15,RATES,BOND,GOV_1Y,BUY,4000000,100.0149,Delta Pension Fund,0.0275,1.0,,
T00033,2025-07-17,RATES,BOND,GOV_1Y,SELL,10000000,100.0229,Alpha Bank,0.0275,1.0,,
T00034,2025-07-23,FX,FX_FORWARD,USDJPY,SELL,7000000,147.367,Alpha Bank,,,152.499,2026-07-23
T00035,2025-07-24,EQUITY,EQUITY_INDEX,INDEX_TECH,SELL,1000,20517.58,Delta Pension Fund,,,,
T00036,2025-08-05,EQUITY,EQUITY_INDEX,INDEX_US,BUY,500,4637.11,Alpha Bank,,,,
T00037,2025-08-06,FX,FX_FORWARD,GBPUSD,BUY,2000000,1.36342,Alpha Bank,,,1.36997,2026-08-06
T00038,2025-08-27,RATES,BOND,GOV_30Y,BUY,6000000,98.6968,Beta Asset Management,0.0425,30.0,,
T00039,2025-08-29,RATES,BOND,GOV_2Y,SELL,6000000,99.9679,Alpha Bank,0.03,2.0,,
T00040,2025-09-09,RATES,BOND,GOV_1Y,SELL,9000000,99.9316,Gamma Insurance,0.0275,1.0,,
T00041,2025-09-10,FX,FX_FORWARD,USDJPY,BUY,3000000,152.536,Beta Asset Management,,,153.847,2025-12-10
T00042,2025-10-01,EQUITY,EQUITY_INDEX,INDEX_EU,BUY,100,3986.97,Beta Asset Management,,,,
T00043,2025-10-06,FX,FX_FORWARD,USDJPY,SELL,4000000,148.118,Gamma Insurance,,,153.276,2026-10-06
T00044,2025-10-07,EQUITY,EQUITY_INDEX,INDEX_EU,SELL,400,3945.61,Delta Pension Fund,,,,
T00045,2025-10-15,EQUITY,EQUITY_INDEX,INDEX_US,BUY,300,4947.66,Gamma Insurance,,,,
T00046,2025-10-16,EQUITY,EQUITY_INDEX,INDEX_US,SELL,200,4946.35,Beta Asset Management,,,,
T00047,2025-10-21,FX,FX_FORWARD,GBPUSD,SELL,4000000,1.35667,Beta Asset Management,,,1.36319,2026-10-21
T00048,2025-10-27,FX,FX_FORWARD,GBPUSD,SELL,10000000,1.34736,Alpha Bank,,,1.35384,2026-10-27
T00049,2025-10-27,RATES,BOND,GOV_30Y,BUY,10000000,101.5782,Gamma Insurance,0.045,30.0,,
T00050,2025-11-03,FX,FX_FORWARD,GBPUSD,SELL,10000000,1.33798,Gamma Insurance,,,1.34119,2026-05-03
T00051,2025-11-05,RATES,BOND,GOV_1Y,SELL,6000000,99.931,Alpha Bank,0.0275,1.0,,
T00052,2025-11-07,EQUITY,EQUITY_INDEX,INDEX_US,SELL,400,4844.75,Beta Asset Management,,,,
T00053,2025-11-13,FX,FX_FORWARD,USDJPY,SELL,6000000,150.781,Gamma Insurance,,,156.032,2026-11-13
T00054,2025-11-14,FX,FX_FORWARD,GBPUSD,SELL,8000000,1.32439,Delta Pension Fund,,,1.32757,2026-05-14
T00055,2025-11-14,RATES,BOND,GOV_30Y,SELL,3000000,99.2922,Alpha Bank,0.0425,30.0,,
T00056,2025-11-18,FX,FX_FORWARD,GBPUSD,BUY,4000000,1.34088,Beta Asset Management,,,1.34249,2026-02-18
T00057,2025-11-20,EQUITY,EQUITY_INDEX,INDEX_EU,SELL,500,3636.04,Gamma Insurance,,,,
T00058,2025-12-01,EQUITY,EQUITY_INDEX,INDEX_TECH,SELL,900,20604.16,Gamma Insurance,,,,
T00059,2025-12-09,RATES,BOND,GOV_10Y,SELL,6000000,100.3373,Alpha Bank,0.04,10.0,,
T00060,2025-12-18,FX,FX_FORWARD,EURUSD,SELL,4000000,1.14828,Alpha Bank,,,1.13719,2026-06-18
