date,1Y,2Y,5Y,10Y,30Y
2025-01-01,3.0,3.3,3.7,4.1,4.4
2025-01-02,3.082,3.3871,3.792,4.1763,4.4933
2025-01-03,3.1591,3.4399,3.885,4.2402,4.5399
2025-01-06,3.1889,3.4701,3.9313,4.2816,4.5803
2025-01-07,3.1613,3.4383,3.8992,4.2509,4.5527
2025-01-08,3.1639,3.4671,3.9007,4.2856,4.5868
2025-01-09,3.2052,3.5105,3.9293,4.3037,4.6197
2025-01-10,3.2149,3.5281,3.9618,4.313,4.6495
2025-01-13,3.2751,3.5638,4.0264,4.3735,4.701
2025-01-14,3.2891,3.5763,4.0437,4.407,4.712
2025-01-15,3.3252,3.5873,4.0703,4.4383,4.7783
2025-01-16,3.3301,3.6349,4.098,4.4699,4.8056
2025-01-17,3.3504,3.6462,4.1334,4.4767,4.8362
2025-01-20,3.2693,3.5739,4.046,4.4122,4.7865
2025-01-21,3.2715,3.5743,4.0326,4.4121,4.766
2025-01-22,3.2356,3.5555,4.0302,4.432,4.7349
2025-01-23,3.2059,3.508,3.9767,4.3873,4.6847
2025-01-24,3.2749,3.5691,4.023,4.4314,4.7617
2025-01-27,3.3399,3.6293,4.0923,4.5125,4.8336
2025-01-28,3.3844,3.7021,4.1704,4.5743,4.9026
2025-01-29,3.4132,3.7292,4.1898,4.5935,4.9206
2025-01-30,3.4508,3.7938,4.2235,4.6356,4.9942
2025-01-31,3.4639,3.8166,4.2199,4.6188,4.991
2025-02-03,3.4735,3.8259,4.245,4.6215,5.0044
2025-02-04,3.415,3.7889,4.2013,4.5665,4.9572
2025-02-05,3.4281,3.8007,4.2438,4.5809,4.9694
2025-02-06,3.399,3.7897,4.2422,4.573,4.9925
2025-02-07,3.3444,3.7569,4.191,4.5215,4.9391
2025-02-10,3.3425,3.7807,4.1542,4.4894,4.9289
2025-02-11,3.3395,3.7878,4.1581,4.4804,4.941
2025-02-12,3.4268,3.8625,4.2445,4.5564,5.0045
2025-02-13,3.4731,3.8999,4.2802,4.6143,5.0035
2025-02-14,3.4523,3.8826,4.2752,4.6109,4.9813
2025-02-17,3.4474,3.8796,4.3221,4.6479,4.9851
2025-02-18,3.4438,3.8641,4.2952,4.6479,4.9719
2025-02-19,3.4344,3.832,4.2757,4.642,4.9693
2025-02-20,3.3973,3.7689,4.2452,4.5867,4.9355
2025-02-21,3.3911,3.7422,4.2344,4.5862,4.9386
2025-02-24,3.3592,3.7354,4.2197,4.5525,4.92
2025-02-25,3.3382,3.7148,4.1512,4.4886,4.8923
2025-02-26,3.3427,3.7154,4.1644,4.5153,4.9112
2025-02-27,3.3486,3.7209,4.1694,4.5178,4.9611
2025-02-28,3.2816,3.6627,4.0906,4.4435,4.8789
2025-03-03,3.2369,3.6372,4.0585,4.4049,4.8561
2025-03-04,3.2966,3.6763,4.1177,4.4509,4.9076
2025-03-05,3.3255,3.7266,4.171,4.4846,4.9584
2025-03-06,3.375,3.7593,4.1952,4.5079,5.0007
2025-03-07,3.3815,3.749,4.1971,4.518,5.0115
2025-03-10,3.371,3.7344,4.1483,4.5094,4.9698
2025-03-11,3.3433,3.692,4.0988,4.439,4.9239
2025-03-12,3.3337,3.7203,4.1353,4.4408,4.9422
2025-03-13,3.338,3.7261,4.1621,4.4554,4.9834
2025-03-14,3.3822,3.7926,4.215,4.5188,5.0282
2025-03-17,3.4255,3.8348,4.2465,4.5727,5.082
2025-03-18,3.4291,3.8526,4.263,4.5618,5.0823
2025-03-19,3.37,3.8032,4.2042,4.5364,5.038
2025-03-20,3.3539,3.8083,4.1589,4.4934,5.0371
2025-03-21,3.3635,3.8208,4.1477,4.5017,5.0759
2025-03-24,3.3678,3.8152,4.133,4.4877,5.0359
2025-03-25,3.3486,3.8048,4.0862,4.4547,4.9954
2025-03-26,3.3442,3.8157,4.0651,4.474,5.0168
2025-03-27,3.3203,3.7583,4.03,4.4723,4.955
2025-03-28,3.2899,3.7155,4.0169,4.4371,4.9359
2025-03-31,3.3109,3.7555,4.0263,4.4552,4.9261
2025-04-01,3.3127,3.728,4.0019,4.4388,4.8866
2025-04-02,3.3259,3.7523,4.016,4.4247,4.8945
2025-04-03,3.3479,3.7351,4.0108,4.4488,4.9095
2025-04-04,3.3085,3.7174,3.9723,4.4131,4.9045
2025-04-07,3.2861,3.6862,3.9594,4.4004,4.8774
2025-04-08,3.3281,3.7783,4.0219,4.4469,4.9486
2025-04-09,3.28,3.728,3.9838,4.3811,4.9075
2025-04-10,3.224,3.6504,3.8935,4.2888,4.8166
2025-04-11,3.1457,3.5702,3.8328,4.1883,4.7551
2025-04-14,3.1412,3.577,3.817,4.2094,4.7749
2025-04-15,3.1568,3.5556,3.8307,4.2167,4.7521
2025-04-16,3.1517,3.5563,3.8343,4.2147,4.7518
2025-04-17,3.2224,3.6233,3.8399,4.2585,4.7979
2025-04-18,3.0892,3.5178,3.7517,4.1353,4.696
2025-04-21,3.0913,3.5235,3.7897,4.143,4.7188
2025-04-22,3.1257,3.6139,3.8612,4.2027,4.7899
2025-04-23,3.0594,3.5866,3.8112,4.1545,4.7374
2025-04-24,3.0355,3.5818,3.7999,4.1491,4.722
2025-04-25,3.0131,3.5454,3.8032,4.0955,4.7108
2025-04-28,2.9979,3.4968,3.8009,4.0746,4.6896
2025-04-29,2.9852,3.4805,3.7847,4.0675,4.6976
2025-04-30,3.0451,3.5239,3.8542,4.1384,4.7645
2025-05-01,3.1297,3.5934,3.9137,4.1988,4.8135
2025-05-02,3.1199,3.5787,3.8937,4.1411,4.7813
2025-05-05,3.2129,3.6449,3.9753,4.1964,4.8791
2025-05-06,3.2121,3.6507,4.0116,4.2206,4.8759
2025-05-07,3.2734,3.716,4.0894,4.2892,4.9402
2025-05-08,3.2917,3.7105,4.1202,4.2868,4.9632
2025-05-09,3.3023,3.7302,4.1145,4.2792,4.9753
2025-05-12,3.3317,3.7454,4.1099,4.2734,4.9686
2025-05-13,3.4324,3.8742,4.2539,4.4004,5.0618
2025-05-14,3.4635,3.9058,4.3194,4.4126,5.09
2025-05-15,3.4608,3.8843,4.2995,4.386,5.0667
2025-05-16,3.5113,3.9109,4.3515,4.4042,5.1103
2025-05-19,3.4995,3.8872,4.3367,4.3804,5.0798
2025-05-20,3.4746,3.851,4.3219,4.3435,5.0709
2025-05-21,3.4932,3.8789,4.3489,4.3997,5.1122
2025-05-22,3.4913,3.8876,4.3185,4.4003,5.1434
2025-05-23,3.5044,3.8998,4.3379,4.4249,5.1246
2025-05-26,3.4797,3.9035,4.3277,4.4452,5.1204
2025-05-27,3.4642,3.8979,4.2999,4.4551,5.131
2025-05-28,3.4748,3.9311,4.3349,4.4695,5.116
2025-05-29,3.4066,3.862,4.2621,4.4068,5.0211
2025-05-30,3.4634,3.8742,4.3,4.4081,5.0338
2025-06-02,3.4468,3.831,4.2733,4.3724,4.9929
2025-06-03,3.4096,3.7698,4.1889,4.3027,4.9435
2025-06-04,3.4132,3.744,4.1757,4.2916,4.9357
2025-06-05,3.3959,3.7379,4.1681,4.3065,4.9512
2025-06-06,3.366,3.7043,4.1425,4.2666,4.9062
2025-06-09,3.3851,3.728,4.1583,4.3022,4.9504
2025-06-10,3.3076,3.6747,4.1013,4.2537,4.8965
2025-06-11,3.2696,3.6395,4.0854,4.2528,4.847
2025-06-12,3.2513,3.6339,4.0598,4.2377,4.8131
2025-06-13,3.2477,3.6077,4.0227,4.25,4.7965
2025-06-16,3.252,3.5981,4.0127,4.2585,4.7967
2025-06-17,3.2174,3.5646,3.9772,4.2218,4.78
2025-06-18,3.2303,3.5927,4.0232,4.2697,4.7877
2025-06-19,3.2282,3.6156,4.0333,4.2752,4.7869
2025-06-20,3.1467,3.5443,3.9539,4.1988,4.7124
2025-06-23,3.0582,3.4739,3.9192,4.0938,4.6389
2025-06-24,3.0463,3.4821,3.9194,4.1048,4.6561
2025-06-25,3.0404,3.4902,3.8754,4.1198,4.6529
2025-06-26,3.0524,3.4678,3.8588,4.1178,4.6485
2025-06-27,3.0555,3.4829,3.8312,4.1313,4.6475
2025-06-30,3.0615,3.4699,3.8478,4.1041,4.6662
2025-07-01,3.077,3.5086,3.8839,4.1596,4.7015
2025-07-02,3.0221,3.4565,3.8586,4.1232,4.6512
2025-07-03,2.9717,3.3862,3.8175,4.0499,4.6156
2025-07-04,2.9299,3.3782,3.7573,4.0046,4.5989
2025-07-07,2.9593,3.3793,3.7722,4.0162,4.6147
2025-07-08,2.9987,3.4278,3.798,4.0681,4.6712
2025-07-09,2.978,3.3863,3.7956,4.0563,4.6431
2025-07-10,2.8737,3.2637,3.6802,3.9481,4.5614
2025-07-11,2.796,3.2052,3.6039,3.8837,4.4911
2025-07-14,2.7757,3.1638,3.547,3.8296,4.4498
2025-07-15,2.7347,3.1477,3.5177,3.843,4.4015
2025-07-16,2.7214,3.1144,3.494,3.8287,4.3502
2025-07-17,2.7265,3.1445,3.4887,3.8342,4.3672
2025-07-18,2.7116,3.1233,3.4421,3.8313,4.353
2025-07-21,2.7384,3.1672,3.4753,3.8654,4.4041
2025-07-22,2.6913,3.1559,3.4273,3.8284,4.4059
2025-07-23,2.6737,3.1228,3.3787,3.786,4.3725
2025-07-24,2.6934,3.1406,3.3974,3.8019,4.37
2025-07-25,2.6242,3.0929,3.3155,3.7376,4.2963
2025-07-28,2.6415,3.1027,3.3532,3.7608,4.2922
2025-07-29,2.6556,3.0952,3.3487,3.7696,4.2889
2025-07-30,2.6631,3.0777,3.3335,3.7539,4.2745
2025-07-31,2.7432,3.1506,3.4227,3.8514,4.3226
2025-08-01,2.7193,3.1081,3.3861,3.8171,4.2819
2025-08-04,2.786,3.1883,3.4503,3.9121,4.3505
2025-08-05,2.8191,3.1725,3.4423,3.8837,4.3671
2025-08-06,2.7848,3.1259,3.3711,3.8358,4.2992
2025-08-07,2.8095,3.1409,3.3753,3.802,4.2872
2025-08-08,2.7768,3.116,3.3489,3.7351,4.2487
2025-08-11,2.762,3.061,3.3187,3.7091,4.2141
2025-08-12,2.7501,3.072,3.3297,3.7228,4.2215
2025-08-13,2.7656,3.0937,3.3585,3.7404,4.2376
2025-08-14,2.7421,3.04,3.3408,3.7155,4.2133
2025-08-15,2.796,3.0502,3.3507,3.7591,4.2527
2025-08-18,2.8449,3.0895,3.4069,3.8194,4.3063
2025-08-19,2.8984,3.1154,3.4759,3.8952,4.3734
2025-08-20,2.9064,3.1467,3.51,3.9398,4.3814
2025-08-21,2.9576,3.2124,3.5654,3.9776,4.4422
2025-08-22,2.891,3.1385,3.4935,3.8984,4.3891
2025-08-25,2.8648,3.117,3.4809,3.8989,4.354
2025-08-26,2.8104,3.0517,3.4467,3.8475,4.3135
2025-08-27,2.8251,3.0469,3.455,3.8477,4.3284
2025-08-28,2.8094,3.0136,3.4296,3.8405,4.3114
2025-08-29,2.7818,3.0168,3.4067,3.8551,4.3201
2025-09-01,2.8614,3.0945,3.4788,3.9405,4.3898
2025-09-02,2.8582,3.1008,3.4636,3.9245,4.3651
2025-09-03,2.8588,3.0899,3.4911,3.9682,4.4031
2025-09-04,2.8251,3.0915,3.5031,3.952,4.3953
2025-09-05,2.798,3.0985,3.4902,3.9581,4.3749
2025-09-08,2.8064,3.1141,3.4787,3.9413,4.3428
2025-09-09,2.8203,3.1233,3.4734,3.966,4.354
2025-09-10,2.8508,3.1616,3.5361,4.0216,4.3987
2025-09-11,2.926,3.2101,3.6024,4.0897,4.4575
2025-09-12,2.9449,3.2108,3.6225,4.1104,4.4261
2025-09-15,2.9863,3.1886,3.6368,4.1494,4.445
2025-09-16,2.9183,3.1262,3.6062,4.0745,4.4159
2025-09-17,2.914,3.1048,3.5939,4.0557,4.4253
2025-09-18,2.9626,3.1166,3.6255,4.0804,4.4823
2025-09-19,2.9769,3.1753,3.6596,4.0976,4.5068
2025-09-22,2.9734,3.1647,3.6695,4.0877,4.4826
2025-09-23,3.0031,3.1731,3.6937,4.1095,4.505
2025-09-24,3.0528,3.1936,3.717,4.1025,4.5148
2025-09-25,3.104,3.2262,3.7786,4.1324,4.5585
2025-09-26,3.1068,3.2402,3.7806,4.1399,4.5665
2025-09-29,3.0816,3.2333,3.7699,4.1244,4.5459
2025-09-30,3.107,3.2432,3.7788,4.1394,4.5847
2025-10-01,2.9696,3.1375,3.6332,4.0254,4.4911
2025-10-02,2.9923,3.1554,3.6401,4.0412,4.5027
2025-10-03,2.8345,3.0051,3.4971,3.8838,4.3446
2025-10-06,2.7452,2.942,3.4363,3.8183,4.2902
2025-10-07,2.7646,2.966,3.459,3.835,4.3003
2025-10-08,2.8169,2.9783,3.4681,3.8606,4.3232
2025-10-09,2.7493,2.9486,3.4202,3.7974,4.2945
2025-10-10,2.7302,2.9012,3.4183,3.7788,4.2659
2025-10-13,2.8089,2.9584,3.4727,3.8238,4.3294
2025-10-14,2.7967,2.9393,3.4415,3.8064,4.309
2025-10-15,2.8664,3.0069,3.5397,3.857,4.4018
2025-10-16,2.8592,3.0264,3.5322,3.8669,4.3958
2025-10-17,2.8772,3.0538,3.5416,3.8981,4.3972
2025-10-20,2.9463,3.1323,3.6162,3.9915,4.4504
2025-10-21,2.9308,3.1227,3.6314,4.0043,4.4572
2025-10-22,2.8739,3.0941,3.5729,3.9815,4.46
2025-10-23,2.875,3.0984,3.5611,3.95,4.4465
2025-10-24,2.8572,3.0753,3.5855,3.9527,4.4508
2025-10-27,2.798,3.0181,3.5454,3.8976,4.4042
2025-10-28,2.7848,3.0027,3.5141,3.8577,4.39
2025-10-29,2.756,2.9538,3.4839,3.8288,4.328
2025-10-30,2.7792,2.9968,3.5266,3.8485,4.3673
2025-10-31,2.7959,3.0099,3.5266,3.8429,4.3593
2025-11-03,2.7916,3.0015,3.5247,3.8335,4.3603
2025-11-04,2.7888,3.009,3.5335,3.8172,4.3289
2025-11-05,2.8209,3.0218,3.5167,3.8154,4.3494
2025-11-06,2.8414,3.0388,3.5624,3.8244,4.3621
2025-11-07,2.8045,3.0047,3.5299,3.7981,4.3251
2025-11-10,2.7702,2.9591,3.4892,3.758,4.2866
2025-11-11,2.826,3.0116,3.534,3.7901,4.3318
2025-11-12,2.8091,2.998,3.5506,3.7657,4.3217
2025-11-13,2.7684,2.9428,3.529,3.7034,4.2699
2025-11-14,2.7742,2.9553,3.5505,3.7338,4.2924
2025-11-17,2.8116,2.9724,3.5641,3.7929,4.3169
2025-11-18,2.7396,2.9008,3.4887,3.7457,4.2502
2025-11-19,2.7507,2.909,3.5088,3.7422,4.2432
2025-11-20,2.7835,2.9474,3.5432,3.7595,4.2828
2025-11-21,2.7873,2.9546,3.5441,3.794,4.3073
2025-11-24,2.8216,2.9986,3.6115,3.7936,4.3215
2025-11-25,2.7562,2.9296,3.5392,3.733,4.2471
2025-11-26,2.7745,2.9437,3.5597,3.7538,4.2693
2025-11-27,2.7568,2.9634,3.5511,3.7138,4.2422
2025-11-28,2.7114,2.9443,3.5299,3.6874,4.2531
2025-12-01,2.7544,2.99,3.5508,3.7073,4.2884
2025-12-02,2.8162,3.0214,3.6072,3.7667,4.3444
2025-12-03,2.8758,3.085,3.6764,3.8398,4.4252
2025-12-04,2.9446,3.1332,3.7221,3.8989,4.487
2025-12-05,2.9337,3.1407,3.7324,3.9139,4.5093
2025-12-08,2.9348,3.155,3.7467,3.9266,4.5136
2025-12-09,2.9432,3.1871,3.7659,3.9585,4.5324
2025-12-10,2.9315,3.1954,3.773,3.9721,4.57
2025-12-11,2.9409,3.2079,3.762,3.958,4.599
2025-12-12,2.96,3.2252,3.7944,3.9896,4.6184
2025-12-15,2.9531,3.2413,3.7799,3.9663,4.6302
2025-12-16,2.9313,3.2028,3.727,3.926,4.6002
2025-12-17,2.9322,3.1707,3.7092,3.9195,4.5479
2025-12-18,2.9731,3.1783,3.7395,3.9486,4.5895
